"","patient_id","num_cells","cov_ROI","mut_found","tumor_clus","mutations"
"LT_S21","TH185",962,198,10,"11/16/4/21/0/1/18","EGFR R521K/ AKT1 E242E/ EGFR R521K/DDR2 A499A/TP53 S241F/AKT1 E242E/ TP53 S241F/EGFR T903T/ EGFR T903T/ TP53 R282R/KEAP1 L471L/KEAP1 Y537Y/ KEAP1 L471L/ TP53 P105P/ KEAP1 E205*/EGFR T629T/ EGFR T629T/ DROSHA N1255N/ PTPN13 S1001S/ HIF1A A612T/ RAD21 E365Q/ DDR2 A499A/EGFR L858R/ EGFR L858R/EGFR V536M/ EGFR V536M/ TP53 S166*/ KEAP1 R272H/DROSHA N1255N/EGFR Q787Q/ EGFR Q787Q/ KEAP1 Y537Y/ DROSHA P1102P/PTPN13 S1001S/ TP53 P153fs*28/ TP53 R119R/ KEAP1 G423V/ MAP2K1 A76S/ MAP2K2 P22S/ KEAP1 S592R/ MAP2K2 F338Y/ PTPN13 H1000L/ TP53 S281C/ KRAS Q61H/ NFE2L2 H416Y/ MAP2K1 P15S/ NFE2L2 Q26L/ TP53 Q12*/ NFE2L2 S414N/ STK11 V113M/ TP53 G56G/EGFR G42D/ EGFR G42D/STK11 R106R/ KEAP1 A191T/ SMARCA4 T1129S/EGFR L1167V/ EGFR L1167V/ ERBB2 Q943*/ MAP2K2 G14C/ SMARCA4 G1162C/EGFR A237V/ EGFR A237V/ KEAP1 G364C/ KEAP1 D389Y/ KEAP1 R234P/DROSHA E1275*/ MAP2K2 I220I/ KEAP1 R320P/ BRAF L89L/ TP53 R282W/ KRAS A11A/ NFE2L2 K506N/RAD21 A570S/ SMARCA4 A509S/ SMARCA4 A948V/ KEAP1 E117K/ SMARCA4 F1052L/ KEAP1 G419W/EGFR I1093M/ EGFR I1093M/ KEAP1 P278S/ SMARCA4 E1023Q/ TP53 I162F/ KRAS A146V/ STK11 V41M/ NFE2L2 W24R/ NFE2L2 L476L/ TP53 V31V/ KRAS A146P/ KEAP1 R483R/ KRAS G12A/ SMARCA4 G1031V/ NFE2L2 V417L/DROSHA P1102P/ TP53 R175H/ DDR2 G579W/ NFE2L2 E79Q/ KRAS G13D/ NOTCH1 D1698D/ KEAP1 M110I/ ERBB4 A662S/ TP53 V175L/ MAP2K2 R297R/ KEAP1 R483H/ NFE2L2 D77H/ SMARCA4 Q82E/ TP53 W91*/ TP53 V182V/ KEAP1 T142M/ TP53 R49C/ NFE2L2 P477S/ BRAF L597V/ MAP2K1 C121C/ TP53 Y107*/ TP53 A7V/ KRAS G12F/ STK11 Q315Q/EGFR P589L/ EGFR P589L/ KEAP1 D236H/ TP53 L62F/ SMARCA4 E1496*/ TP53 E163E/ KDR T279T/ MAP2K1 G75G/ KRAS G12C/ RAD21 G221A/ TP53 T125P/ MAP2K2 R299M/ RAD21 P510T/ TP53 G304G/ KEAP1 Q284*/ SMARCA4 R973L/ MAP2K1 G128V/ BRAF A762E/ KEAP1 E611D/ PTPN13 G962D/ TP53 C242S/ SMARCA4 G394W/ PTPN13 P940P/ NFE2L2 E82D/ KEAP1 C196F/ DROSHA G851V/ NFE2L2 D38H/ STK11 V425V/ TP53 A289T/ NOTCH1 C438Y/ SMARCA4 R521W/ TP53 R273C/ TP53 E339*/ MAP2K1 M146I/ MAP2K1 C121S/KEAP1 F246L/ KEAP1 F246L/ RAD21 L192V/ SMARCA4 A1448V/ SMARCA4 L1161fs*3/TP53 C242S/ KEAP1 V155A/EGFR V843L/ EGFR V843L/ TP53 G245D/ TP53 I254S/ KEAP1 A331A/ TP53 G154fs*16/RAD21 A410A/KEAP1 P105S/ KEAP1 R415C/ KEAP1 D479G/ STK11 C167R/ STK11 A301A"
"LT_S34","TH205",24,1,1,"11/4/15/16/19","EGFR L858R/ EGFR L858R"
"LT_S71","TH236",107,19,19,"11/15","MAP2K2 R297R/EGFR del19/ EGFR E746_A750delELREA/ NKX21 P155fs*43/NKX21 P155fs*43/ TP53 S166*/KEAP1 S592R/SMARCA4 L6F/ TP53 P105P/KEAP1 V418L/SMARCA4 G394W/ STK11 E199*/NKX21 G164S/KEAP1 G423V/ TP53 Q100*/ KRAS G13D/ NFE2L2 K506N/ NKX21 L395L/RAD21 M254I/ MAP2K1 C121C/NKX21 P189P/NFE2L2 D27H/ SMARCA4 R1192P/EGFR P1019L/ EGFR P1019L/ KEAP1 R483H/ NFE2L2 L266F/TP53 Q100*/EGFR R1100S/ EGFR R1100S/ RAD21 A410A/EGFR S442I/ EGFR S442I/TP53 Y110C/KEAP1 Q284*/RAD21 V284F/TP53 P105P"
"LT_S56","TH231",291,0,0,"11/13/8/10/7","SMARCA4 R521W/SOX2 G219V/ERBB4 H1303Q/ RB1 C278R/TP53 P105P/SMARCA4 A509S/KEAP1 L231V/TP53 G304G/MAP2K2 Q114*/SMARCA4 Q544P/SMARCA4 L6F/STK11 K424R/ TP53 P105P/MAP2K2 N177T/SMARCA4 P153fs*150/KEAP1 Q284*/MAP2K2 P22S/EGFR L303L/ EGFR L303L/NKX21 P155fs*43/KEAP1 S73I/KEAP1 S592R/KEAP1 V271M/MAP2K2 R297R/NFE2L2 K506N/BRAF S679N/MAP2K2 D341N/ SMARCA4 G1162C/KEAP1 A95S/TP53 F155V/KEAP1 R272H/ SMARCA4 P109L/MYCL C253F/RAD21 V284F/NFE2L2 L464V/ SOX2 G144R/PTPRT T329N/KEAP1 P361L/ PTPRT R1368*/KEAP1 G364D/RAD21 A410S/ NFE2L2 S597fs*>8/KEAP1 Q46*/NFE2L2 N513I/KEAP1 W544C/PTPRT Q479E/MAP2K2 P472P/PTPRT G276D/SMARCA4 A948V/TP53 Y110C/RAD21 L324P/KRAS A146P"
"LT_S16","TH146",3,0,3,"11","SMARCA4 P153fs*150/ ROS1--CD74 fusion/"
"LT_S74","TH248",71,6,5,"4/9","EGFR del19/ EGFR K745_A750>T/KEAP1 R116W/NFE2L2 L464V/ STK11 G174R/TP53 L52P/KEAP1 K323fs*5/TP53 G244D/EGFR G652G/ EGFR G652G/NFE2L2 V417L/ SMARCA4 P153fs*150/EGFR G42D/ DROSHA E1363D/ EGFR G42D/ TP53 P105P/NKX21 P155fs*43/SMARCA4 Q331*/ MAP2K1 E73E/RAD21 P510T/KEAP1 K97N/KEAP1 G527F/EGFR I91V/ EGFR I91V/KRAS A11A/ SMARCA4 G1162C/TP53 T153A/TP53 G245R/EGFR R1100S/ EGFR R1100S/ MAP2K2 R299M/TP53 V175L"
"LT_S45","TH218",1,0,0,"11",""
"LT_S28","TH185",2,0,0,"11","KEAP1 Y537Y"
"LT_S23","TH185",1,0,0,"11",""
"LT_S80","TH179",15,0,0,"11/12/3","KEAP1 G417E/PTPN13 S1001S/ SMARCA4 P153fs*150"
"LT_S79","TH179",55,3,3,"11/12/7/8","SMARCA4 P153fs*150/KEAP1 G195V/BRAF V600E/TP53 D281E/NKX21 P155fs*43/ TP53 R337C/PTPN13 E283E/STK11 R106R/SMARCA4 A509S/KEAP1 R116W/MAP2K2 I220I/PTPRT T603K/NFE2L2 L266F"
"LT_S69","TH248",305,14,13,"4/9","TP53 L52P/STK11 G56V/ TP53 L52P/NKX21 P155fs*43/EGFR del19/ EGFR K745_A750>T/TP53 N20N/KEAP1 G423V/ NKX21 P155fs*43/SMARCA4 R521W/AKT1 L335L/KEAP1 R483R/KRAS L19F/ KEAP1 R460G/NFE2L2 H416Y/DROSHA A896S/ SMARCA4 E1646K/ TP53 A276D/NFE2L2 E82D/EGFR L303L/ EGFR L303L/ ERBB4 W10*/ SMARCA4 F1052L/SMARCA4 A509S/ ERBB2 V308M/ERBB2 Y757Y/ERBB2 R128Q/KEAP1 T142M/ KRAS A11A/ NKX21 T38M/MAP2K1 P15S/HIF1A A612T/KEAP1 K287*/ MAP2K1 A76S/SMARCA4 P153fs*150/ KEAP1 Q75*/TP53 V175L/TP53 Y110C/STK11 K424R/NFE2L2 R34Q/ SMARCA4 L6F/SMARCA4 G394W/EGFR S811F/ EGFR S811F/EGFR V843L/ EGFR V843L/EGFR L858R/ EGFR L858R/AKT1 R465C/KEAP1 E117K/TP53 A7V/EGFR R1100S/ EGFR R1100S/ NFE2L2 S597fs*>8/ SMARCA4 A509S/KEAP1 R204P/MAP2K2 F338L/SMARCA4 K440E/ TP53 C277F/MAP2K2 R297R/STK11 H514D/KEAP1 A40V/NFE2L2 S597fs*>8/MAP2K2 P22S"
"LT_S50","TH225",21,15,15,"11/13/15","MAP2K2 I220I/AKT1 E242E/ MAP2K2 I220I/EGFR R521K/ EGFR R521K/EGFR Q787Q/ EGFR Q787Q/ KRAS G12C/ SMARCA4 H508H/EGFR T629T/ EGFR T629T/ TP53 F155V/ AKT1 E242E/ PTPN13 S1001S/EGFR T903T/ EGFR T903T/ TP53 T125T/ NKX21 C244C/ TP53 R175H/HIF1A A612T/ MAP2K2 D341N/ NFE2L2 S597fs*>8/ KEAP1 S592R/ DDR2 L420L/ DROSHA E1193*"
"LT_S47","TH220",132,0,3,"20/17/23","KEAP1 M110V/KRAS G13D/AKT1 L335L/KEAP1 R272H/RB1 K548fs*3/KEAP1 G417E/NFE2L2 E79Q/ALK K321R/RAD21 L372L/RAD21 A410A// ALK--EML4 fusion/RAD21 I45V/ STK11 R524S/KEAP1 M503K/TP53 V175L/ALK H1475Q/TP53 P105P/ALK A1251D/KEAP1 D479G/ SMARCA4 A1448V/ KEAP1 V271M/EGFR Q1020H/ EGFR Q1020H/ERBB2 Q943*/KEAP1 S73I/ SMARCA4 A1249S/ KRAS G12C/ TP53 T284P/NKX21 T38M/KEAP1 R483C"
"LT_S51","TH227",16,0,0,"11/8","HIF1A A612T/NKX21 P155fs*43/NFE2L2 S414N"
"LT_S58","TH179",63,0,0,"11/12/8","ERBB4 P800S/MAP2K2 F338Y/MAP2K2 D341N/MAP2K2 P22S/DROSHA R1342L/TP53 V73fs*50/KEAP1 S243C/RB1 N186fs*6/SMARCA4 A948V/SMARCA4 P153fs*150/TP53 R123W/ERBB2 T917S/ KEAP1 A95S/TP53 A7V/DROSHA E1363D/TP53 V175L/DDR2 F665F/NFE2L2 T80A/NFE2L2 S414N/TP53 V157F/KEAP1 R554Q/KEAP1 Q193H/ STK11 I303M/SMARCA4 L6F"
"LT_S75","TH266",28,0,2,"11/10/13","NFE2L2 P477S/BAP1 A140V/ TP53 E180K/DDR2 G774G/TP53 E180K/DDR2 R307L/ TP53 A7V/MAP2K2 R297R/KEAP1 Q75*/NOTCH1 A2019P/SMARCA4 P153fs*150/KEAP1 K323fs*5/TP53 Q144P/ TP63 A227S/ STK11 C167R/ ALK--EML4 fusion/KEAP1 T142M/ SMARCA4 P153fs*150"
"LT_S53","TH067",101,0,0,"16","TP53 R213*/KDR E489G/TP53 R123W/EGFR F856L/ EGFR F856L/KDR C654*/ TP53 F59F/KEAP1 M161I/KRAS G13V/KDR A1050V/MAP2K2 F338Y/KEAP1 C171F/EGFR D1014N/ EGFR D1014N/ KDR T279T/KEAP1 D389Y/KEAP1 Q75*/STK11 G58R/KEAP1 S592R/MAP2K2 D341N/SMARCA4 R521W/TP53 L157V/KEAP1 N397delN/DROSHA E1193*"
"LT_S66","TH238",240,2,2,"3/7/8","NOTCH1 P2415delP/NFE2L2 G81S/NFE2L2 H416Y/KRAS Q61H/KEAP1 R116W/ NFE2L2 G81S/NOTCH1 P284P/ SMARCA4 P153fs*150/PTPRT E318*/PIK3CB E1051K/ SMARCA4 E1612*/ SMARCA4 A1448V/ STK11 G242W/ TP53 G154fs*16/TP53 R283P/KEAP1 G430S/EGFR G42D/ EGFR G42D/EGFR F856L/ EGFR F856L/KEAP1 G423V/ TP53 P105P/BRAF V600E/ NKX21 P155fs*43/ TP53 G56G/MAP2K1 S331R/ STK11 D194Y/KEAP1 V155A/KRAS G12F/ KEAP1 P278S/SMARCA4 P153fs*150/ TP53 R168K/ PTPN13 S145F/AKT1 L335L/KEAP1 R320W/EGFR D1014N/ EGFR D1014N/NOTCH1 G2345V/MAP2K2 R297R/TP53 R123W/EGFR S921R/ EGFR S921R/SMARCA4 F1052L/AKT1 R465C/KEAP1 E117K/MAP2K1 F53L/KEAP1 G332C/SMARCA4 R521P/ RB1 L199fs*2/KEAP1 R204P/STK11 G294C/TP53 E103K/ERBB4 R47G/TP53 F155V/ TP53 R283P/KDR P32T/ KEAP1 G419W/MAP2K2 P109P/SMARCA4 H52P/SMARCA4 R521W/STK11 C199F/STK11 Q152*/ TP53 H193L/KEAP1 V167F/KEAP1 Q75*/STK11 L386L/STK11 I642M/RAD21 M272I/ SMARCA4 Q331*"
"LT_S07","TH103",14,0,0,"11/13","EGFR T629T/ EGFR T629T/KEAP1 L471L/EGFR Q787Q/ EGFR Q787Q/ KEAP1 L471L/EGFR R521K/ EGFR R521K"
"LT_S82","TH226",13,1,1,"11/13/10/5","EGFR R521K/ EGFR R521K/ MAP2K2 I220I/MAP2K2 I220I/EGFR Q787Q/ EGFR Q787Q/ STK11 K108*/EGFR T629T/ EGFR T629T/ TP53 E294*/ DDR2 A499A/ PTPN13 P940P/ STK11 F354L/ TP53 L111Q/ NFE2L2 K506N/ DROSHA N1255N/ NOTCH1 D1698D/ SMARCA4 F1052L/ TP53 M13I/EGFR N158N/ EGFR N158N/EGFR del19/ EGFR E746_T751delELREAT/ TP53 N20N"
"LT_S72","TH222",6,0,0,"13/11","KEAP1 W497*/PTPRT A1266A"
"LT_S49","TH223",6,0,0,"13/8","EGFR T903T/ EGFR T903T/KEAP1 M161I/SMARCA4 G394W"
"LT_S48","TH155",17,0,0,"22",""
"LT_S63","TH171",634,0,3,"10/2/5","KEAP1 G364D/MAP2K2 D341N/ NFE2L2 S414N/STK11 K62*/KEAP1 R272H/NFE2L2 S414N/MYCL S127S/ STK11 H514D/NOTCH1 T1996M// ALK--EML4 fusion/KEAP1 G527F/ALK L363L/KEAP1 C171F/ MAP2K2 D341N/ TP53 E72*/TP53 P105P/KRAS C185S/EGFR G42D/ EGFR G42D/TP53 W271C/TP53 G154fs*16/TP63 S184W/NFE2L2 H416Y/NFE2L2 G31R/KEAP1 R483C/KEAP1 R116W/NFE2L2 K506N/MAP2K2 Q126Q/RAD21 A410A/TP63 R244L/KEAP1 R234P/KEAP1 D422N/HIF1A A612T/MAP2K2 S479R/ RAD21 A570S/TP53 N20N/TP53 F155V/RB1 N186fs*6/KEAP1 Q75*/KEAP1 G419W/EGFR L907M/ EGFR L907M/ KEAP1 V271M/TP53 L217L/MAP2K1 K57N/ RAD21 K596E/NFE2L2 S94*/KRAS A146V/EGFR Q1020H/ EGFR Q1020H/SMARCA4 P153fs*150/MAP2K2 R299M/NFE2L2 G81S/PTPN13 E283E/TP53 R123W/KEAP1 R483H/EGFR R521K/ EGFR R521K/ NOTCH1 D2091D/KEAP1 E117K/ NFE2L2 L143R/ RAD21 A410A/KRAS G13C/STK11 R106R/MAP2K2 A265T/SMARCA4 R521W/NFE2L2 S136F/EGFR R831H/ EGFR R831H/KEAP1 W544C/TP53 A276D/KEAP1 E493D/ KRAS C118S/TP53 P180P/KEAP1 D479G/ SMARCA4 L6F/ NFE2L2 G81S/KEAP1 Y375H/KEAP1 D389Y/MAP2K2 R297R/KEAP1 Q284*/ STK11 D613H/ SMARCA4 G1162C/TP53 L348F/NFE2L2 D77G/ SMARCA4 R521W/KEAP1 P318L/KEAP1 R460S/AKT1 R465C/ TP53 A159P/EGFR V1142V/ EGFR V1142V/ALK L1318M/ KEAP1 R272H/TP63 F156F/RAD21 M254I/KEAP1 S224Y/ MAP2K2 A265T/TP63 T144T/SMARCA4 E1612*/MAP2K2 F338Y/TP63 C339F/TP53 V175L/TP53 C149W/TP63 A227S/KEAP1 F139L/NFE2L2 V417L/EGFR G857V/ EGFR G857V/ MAP2K1 R108Q/NFE2L2 R34G/STK11 A241P/MAP2K2 G303W/ NFE2L2 H416Y/KEAP1 S592R/ TP53 E258D/NFE2L2 L266F/ SMARCA4 P153fs*150/NFE2L2 D27G/ TP53 Y110C/SMARCA4 Q383*/HIF1A M250I/MAP2K1 R108Q/RAD21 E98Q/KEAP1 D235A/TP53 G304G/KEAP1 S73I/MAP2K2 P109P/DROSHA P1292L/TP53 G146W/MAP2K1 F53L/KRAS G12A/KEAP1 V123L/RAD21 D95H/ALK A1251D/TP53 R168K/STK11 H514D/TP53 G56G/KEAP1 I185N/EGFR R1100S/ EGFR R1100S/KEAP1 G423V"
"LT_S57","TH226",187,9,9,"6/11/15/4/8","MAP2K2 R299M/NFE2L2 K506N/EGFR del19/ EGFR E746_A750delELREA/ KEAP1 D78N/KEAP1 M503K/TP53 Y110C/MAP2K2 L37L/KRAS Q61L/SMARCA4 R521W/NFE2L2 E82D/BRAF R682W/PTPN13 D1736Y/TP53 L111Q/MAP2K2 R297R/KEAP1 E117K/ TP53 Y73C/KEAP1 R483H/NFE2L2 D29H/RAD21 D95H/KEAP1 W544C/KEAP1 V369L/ TP53 L111Q/KEAP1 R272H/ SMARCA4 G394W/EGFR G42D/ EGFR G42D/SMARCA4 P153fs*150/RAD21 A410A/KEAP1 A95S/TP53 Q133E/SOX2 G219V/KEAP1 C196F/NKX21 P155fs*43/AKT1 D323Y/ MAP2K2 S479R/EGFR R1100S/ EGFR R1100S/ERBB2 Q943*/ SMARCA4 P153fs*150/NKX21 S79L/KEAP1 V271M/MAP2K1 Y134C/ MAP2K2 R297R/KEAP1 G527F/NFE2L2 H416Y"
"LT_S52","TH226",14,1,1,"11/6","KEAP1 S592R/RAD21 L192V/ SMARCA4 G394W/EGFR G42D/ EGFR G42D/KRAS Q61H/EGFR del19/ EGFR E746_A750delELREA/SMARCA4 A509S/SMARCA4 G394W"
"LT_S01","TH158",4,0,0,"11",""
"LT_S55","TH218",16,0,0,"11","KEAP1 V155A"
"LT_S42","TH158",7,0,0,"11/6",""
"LT_S13","TH169",2,0,0,"11/19",""
"LT_S43","TH217",5,0,0,"6/11/19",""
"LT_S11","TH169",177,24,23,"19/14","STK11 G294C/EGFR del19/ EGFR E746_A750delELREA/KEAP1 Y537Y/TP53 P47fs*76/ NKX21 C244C/SMARCA4 Q1195H/KEAP1 D479G/NFE2L2 D38H/ TP53 C44Y/SMARCA4 E1339*/BRAF A762E/TP53 Q12*/NOTCH1 P2415delP/ TP53 C9*/KEAP1 T588fs*31/ TP53 C275F/TP53 R282W/SMARCA4 R521W/NKX21 S79L/STK11 K535M/KEAP1 P318L/DROSHA M1154I/ TP53 R273H/ RAD21 D95H/KEAP1 M503K/ TP53 A276D"
"LT_S08","TH103",51,0,5,"13","HIF1A A612T/ KEAP1 L471L/KEAP1 L471L/DROSHA N1255N/ ALK--EML4 fusion/EGFR T629T/ EGFR T629T/ PTPN13 S1001S/EGFR Q787Q/ DROSHA N1255N/ EGFR Q787Q/EGFR R521K/ EGFR R521K/KEAP1 A191T/PTPN13 S1001S/ TP53 E180K/ NFE2L2 V417L//BRAF G643G"
"LT_S05","TH103",1,0,0,"13","KEAP1 L471L"
"LT_S54","TH222",1,0,0,"11",""
"LT_S78","TH179_NAT",7,0,0,"15/8/7","EGFR Q787Q/ EGFR Q787Q/PTPN13 S1001S/ERBB2 T917S/ KEAP1 L471L/MAP2K2 I220I/ SMARCA4 H508H/EGFR N158N/ EGFR N158N"
"LT_S41","TH210",15,0,0,"23","MAP2K2 I220I"
"LT_S67","TH231",2,0,0,"8/7","NFE2L2 G31E"
"LT_S65","TH238_NAT",3,0,0,"8/7","MAP2K2 I220I"
