"sample","variable","value"
"LT_S21","EGFR L858R",1
"LT_S34","EGFR L858R",1
"LT_S71","EGFR L858R",0
"LT_S56","EGFR L858R",0
"LT_S16","EGFR L858R",0
"LT_S74","EGFR L858R",0
"LT_S80","EGFR L858R",0
"LT_S79","EGFR L858R",0
"LT_S69","EGFR L858R",1
"LT_S50","EGFR L858R",0
"LT_S47","EGFR L858R",0
"LT_S51","EGFR L858R",0
"LT_S58","EGFR L858R",0
"LT_S75","EGFR L858R",0
"LT_S53","EGFR L858R",0
"LT_S66","EGFR L858R",0
"LT_S07","EGFR L858R",0
"LT_S82","EGFR L858R",0
"LT_S72","EGFR L858R",0
"LT_S49","EGFR L858R",0
"LT_S63","EGFR L858R",0
"LT_S57","EGFR L858R",0
"LT_S52","EGFR L858R",0
"LT_S55","EGFR L858R",0
"LT_S11","EGFR L858R",0
"LT_S08","EGFR L858R",0
"LT_S78","EGFR L858R",0
"LT_S67","EGFR L858R",0
"LT_S21","EGFR del19",0
"LT_S34","EGFR del19",0
"LT_S71","EGFR del19",1
"LT_S56","EGFR del19",0
"LT_S16","EGFR del19",0
"LT_S74","EGFR del19",1
"LT_S80","EGFR del19",0
"LT_S79","EGFR del19",0
"LT_S69","EGFR del19",1
"LT_S50","EGFR del19",0
"LT_S47","EGFR del19",0
"LT_S51","EGFR del19",0
"LT_S58","EGFR del19",0
"LT_S75","EGFR del19",0
"LT_S53","EGFR del19",0
"LT_S66","EGFR del19",0
"LT_S07","EGFR del19",0
"LT_S82","EGFR del19",1
"LT_S72","EGFR del19",0
"LT_S49","EGFR del19",0
"LT_S63","EGFR del19",0
"LT_S57","EGFR del19",1
"LT_S52","EGFR del19",1
"LT_S55","EGFR del19",0
"LT_S11","EGFR del19",1
"LT_S08","EGFR del19",0
"LT_S78","EGFR del19",0
"LT_S67","EGFR del19",0
"LT_S21","KRAS G12C",1
"LT_S34","KRAS G12C",0
"LT_S71","KRAS G12C",0
"LT_S56","KRAS G12C",0
"LT_S16","KRAS G12C",0
"LT_S74","KRAS G12C",0
"LT_S80","KRAS G12C",0
"LT_S79","KRAS G12C",0
"LT_S69","KRAS G12C",0
"LT_S50","KRAS G12C",1
"LT_S47","KRAS G12C",1
"LT_S51","KRAS G12C",0
"LT_S58","KRAS G12C",0
"LT_S75","KRAS G12C",0
"LT_S53","KRAS G12C",0
"LT_S66","KRAS G12C",0
"LT_S07","KRAS G12C",0
"LT_S82","KRAS G12C",0
"LT_S72","KRAS G12C",0
"LT_S49","KRAS G12C",0
"LT_S63","KRAS G12C",0
"LT_S57","KRAS G12C",0
"LT_S52","KRAS G12C",0
"LT_S55","KRAS G12C",0
"LT_S11","KRAS G12C",0
"LT_S08","KRAS G12C",0
"LT_S78","KRAS G12C",0
"LT_S67","KRAS G12C",0
"LT_S21","ALK--EML4 fusion",0
"LT_S34","ALK--EML4 fusion",0
"LT_S71","ALK--EML4 fusion",0
"LT_S56","ALK--EML4 fusion",0
"LT_S16","ALK--EML4 fusion",0
"LT_S74","ALK--EML4 fusion",0
"LT_S80","ALK--EML4 fusion",0
"LT_S79","ALK--EML4 fusion",0
"LT_S69","ALK--EML4 fusion",0
"LT_S50","ALK--EML4 fusion",0
"LT_S47","ALK--EML4 fusion",1
"LT_S51","ALK--EML4 fusion",0
"LT_S58","ALK--EML4 fusion",0
"LT_S75","ALK--EML4 fusion",1
"LT_S53","ALK--EML4 fusion",0
"LT_S66","ALK--EML4 fusion",0
"LT_S07","ALK--EML4 fusion",0
"LT_S82","ALK--EML4 fusion",0
"LT_S72","ALK--EML4 fusion",0
"LT_S49","ALK--EML4 fusion",0
"LT_S63","ALK--EML4 fusion",1
"LT_S57","ALK--EML4 fusion",0
"LT_S52","ALK--EML4 fusion",0
"LT_S55","ALK--EML4 fusion",0
"LT_S11","ALK--EML4 fusion",0
"LT_S08","ALK--EML4 fusion",1
"LT_S78","ALK--EML4 fusion",0
"LT_S67","ALK--EML4 fusion",0
"LT_S21","BRAF V600E",0
"LT_S34","BRAF V600E",0
"LT_S71","BRAF V600E",0
"LT_S56","BRAF V600E",0
"LT_S16","BRAF V600E",0
"LT_S74","BRAF V600E",0
"LT_S80","BRAF V600E",0
"LT_S79","BRAF V600E",1
"LT_S69","BRAF V600E",0
"LT_S50","BRAF V600E",0
"LT_S47","BRAF V600E",0
"LT_S51","BRAF V600E",0
"LT_S58","BRAF V600E",0
"LT_S75","BRAF V600E",0
"LT_S53","BRAF V600E",0
"LT_S66","BRAF V600E",1
"LT_S07","BRAF V600E",0
"LT_S82","BRAF V600E",0
"LT_S72","BRAF V600E",0
"LT_S49","BRAF V600E",0
"LT_S63","BRAF V600E",0
"LT_S57","BRAF V600E",0
"LT_S52","BRAF V600E",0
"LT_S55","BRAF V600E",0
"LT_S11","BRAF V600E",0
"LT_S08","BRAF V600E",0
"LT_S78","BRAF V600E",0
"LT_S67","BRAF V600E",0
"LT_S21","ROS1--CD74 fusion",0
"LT_S34","ROS1--CD74 fusion",0
"LT_S71","ROS1--CD74 fusion",0
"LT_S56","ROS1--CD74 fusion",0
"LT_S16","ROS1--CD74 fusion",1
"LT_S74","ROS1--CD74 fusion",0
"LT_S80","ROS1--CD74 fusion",0
"LT_S79","ROS1--CD74 fusion",0
"LT_S69","ROS1--CD74 fusion",0
"LT_S50","ROS1--CD74 fusion",0
"LT_S47","ROS1--CD74 fusion",0
"LT_S51","ROS1--CD74 fusion",0
"LT_S58","ROS1--CD74 fusion",0
"LT_S75","ROS1--CD74 fusion",0
"LT_S53","ROS1--CD74 fusion",0
"LT_S66","ROS1--CD74 fusion",0
"LT_S07","ROS1--CD74 fusion",0
"LT_S82","ROS1--CD74 fusion",0
"LT_S72","ROS1--CD74 fusion",0
"LT_S49","ROS1--CD74 fusion",0
"LT_S63","ROS1--CD74 fusion",0
"LT_S57","ROS1--CD74 fusion",0
"LT_S52","ROS1--CD74 fusion",0
"LT_S55","ROS1--CD74 fusion",0
"LT_S11","ROS1--CD74 fusion",0
"LT_S08","ROS1--CD74 fusion",0
"LT_S78","ROS1--CD74 fusion",0
"LT_S67","ROS1--CD74 fusion",0
"LT_S21","EGFR",1
"LT_S34","EGFR",0
"LT_S71","EGFR",1
"LT_S56","EGFR",0
"LT_S16","EGFR",0
"LT_S74","EGFR",1
"LT_S80","EGFR",0
"LT_S79","EGFR",0
"LT_S69","EGFR",1
"LT_S50","EGFR",1
"LT_S47","EGFR",1
"LT_S51","EGFR",0
"LT_S58","EGFR",0
"LT_S75","EGFR",0
"LT_S53","EGFR",1
"LT_S66","EGFR",1
"LT_S07","EGFR",1
"LT_S82","EGFR",1
"LT_S72","EGFR",0
"LT_S49","EGFR",0
"LT_S63","EGFR",1
"LT_S57","EGFR",1
"LT_S52","EGFR",1
"LT_S55","EGFR",0
"LT_S11","EGFR",1
"LT_S08","EGFR",1
"LT_S78","EGFR",0
"LT_S67","EGFR",0
"LT_S21","KRAS",1
"LT_S34","KRAS",0
"LT_S71","KRAS",1
"LT_S56","KRAS",1
"LT_S16","KRAS",0
"LT_S74","KRAS",0
"LT_S80","KRAS",0
"LT_S79","KRAS",0
"LT_S69","KRAS",1
"LT_S50","KRAS",0
"LT_S47","KRAS",1
"LT_S51","KRAS",0
"LT_S58","KRAS",0
"LT_S75","KRAS",0
"LT_S53","KRAS",1
"LT_S66","KRAS",1
"LT_S07","KRAS",0
"LT_S82","KRAS",0
"LT_S72","KRAS",0
"LT_S49","KRAS",0
"LT_S63","KRAS",1
"LT_S57","KRAS",1
"LT_S52","KRAS",1
"LT_S55","KRAS",0
"LT_S11","KRAS",0
"LT_S08","KRAS",0
"LT_S78","KRAS",0
"LT_S67","KRAS",0
"LT_S21","ALK",0
"LT_S34","ALK",0
"LT_S71","ALK",0
"LT_S56","ALK",0
"LT_S16","ALK",0
"LT_S74","ALK",0
"LT_S80","ALK",0
"LT_S79","ALK",0
"LT_S69","ALK",0
"LT_S50","ALK",0
"LT_S47","ALK",1
"LT_S51","ALK",0
"LT_S58","ALK",0
"LT_S75","ALK",0
"LT_S53","ALK",0
"LT_S66","ALK",0
"LT_S07","ALK",0
"LT_S82","ALK",0
"LT_S72","ALK",0
"LT_S49","ALK",0
"LT_S63","ALK",1
"LT_S57","ALK",0
"LT_S52","ALK",0
"LT_S55","ALK",0
"LT_S11","ALK",0
"LT_S08","ALK",0
"LT_S78","ALK",0
"LT_S67","ALK",0
"LT_S21","BRAF",1
"LT_S34","BRAF",0
"LT_S71","BRAF",0
"LT_S56","BRAF",1
"LT_S16","BRAF",0
"LT_S74","BRAF",0
"LT_S80","BRAF",0
"LT_S79","BRAF",0
"LT_S69","BRAF",0
"LT_S50","BRAF",0
"LT_S47","BRAF",0
"LT_S51","BRAF",0
"LT_S58","BRAF",0
"LT_S75","BRAF",0
"LT_S53","BRAF",0
"LT_S66","BRAF",0
"LT_S07","BRAF",0
"LT_S82","BRAF",0
"LT_S72","BRAF",0
"LT_S49","BRAF",0
"LT_S63","BRAF",0
"LT_S57","BRAF",1
"LT_S52","BRAF",0
"LT_S55","BRAF",0
"LT_S11","BRAF",1
"LT_S08","BRAF",0
"LT_S78","BRAF",0
"LT_S67","BRAF",0
"LT_S21","AKT1",0
"LT_S34","AKT1",0
"LT_S71","AKT1",0
"LT_S56","AKT1",0
"LT_S16","AKT1",0
"LT_S74","AKT1",0
"LT_S80","AKT1",0
"LT_S79","AKT1",0
"LT_S69","AKT1",1
"LT_S50","AKT1",0
"LT_S47","AKT1",0
"LT_S51","AKT1",0
"LT_S58","AKT1",0
"LT_S75","AKT1",0
"LT_S53","AKT1",0
"LT_S66","AKT1",1
"LT_S07","AKT1",0
"LT_S82","AKT1",0
"LT_S72","AKT1",0
"LT_S49","AKT1",0
"LT_S63","AKT1",1
"LT_S57","AKT1",1
"LT_S52","AKT1",0
"LT_S55","AKT1",0
"LT_S11","AKT1",0
"LT_S08","AKT1",0
"LT_S78","AKT1",0
"LT_S67","AKT1",0
"LT_S21","DDR2",1
"LT_S34","DDR2",0
"LT_S71","DDR2",0
"LT_S56","DDR2",0
"LT_S16","DDR2",0
"LT_S74","DDR2",0
"LT_S80","DDR2",0
"LT_S79","DDR2",0
"LT_S69","DDR2",0
"LT_S50","DDR2",0
"LT_S47","DDR2",0
"LT_S51","DDR2",0
"LT_S58","DDR2",0
"LT_S75","DDR2",1
"LT_S53","DDR2",0
"LT_S66","DDR2",0
"LT_S07","DDR2",0
"LT_S82","DDR2",0
"LT_S72","DDR2",0
"LT_S49","DDR2",0
"LT_S63","DDR2",0
"LT_S57","DDR2",0
"LT_S52","DDR2",0
"LT_S55","DDR2",0
"LT_S11","DDR2",0
"LT_S08","DDR2",0
"LT_S78","DDR2",0
"LT_S67","DDR2",0
"LT_S21","HIF1A",1
"LT_S34","HIF1A",0
"LT_S71","HIF1A",0
"LT_S56","HIF1A",0
"LT_S16","HIF1A",0
"LT_S74","HIF1A",0
"LT_S80","HIF1A",0
"LT_S79","HIF1A",0
"LT_S69","HIF1A",1
"LT_S50","HIF1A",1
"LT_S47","HIF1A",0
"LT_S51","HIF1A",1
"LT_S58","HIF1A",0
"LT_S75","HIF1A",0
"LT_S53","HIF1A",0
"LT_S66","HIF1A",0
"LT_S07","HIF1A",0
"LT_S82","HIF1A",0
"LT_S72","HIF1A",0
"LT_S49","HIF1A",0
"LT_S63","HIF1A",1
"LT_S57","HIF1A",0
"LT_S52","HIF1A",0
"LT_S55","HIF1A",0
"LT_S11","HIF1A",0
"LT_S08","HIF1A",1
"LT_S78","HIF1A",0
"LT_S67","HIF1A",0
"LT_S21","KDR",0
"LT_S34","KDR",0
"LT_S71","KDR",0
"LT_S56","KDR",0
"LT_S16","KDR",0
"LT_S74","KDR",0
"LT_S80","KDR",0
"LT_S79","KDR",0
"LT_S69","KDR",0
"LT_S50","KDR",0
"LT_S47","KDR",0
"LT_S51","KDR",0
"LT_S58","KDR",0
"LT_S75","KDR",0
"LT_S53","KDR",1
"LT_S66","KDR",1
"LT_S07","KDR",0
"LT_S82","KDR",0
"LT_S72","KDR",0
"LT_S49","KDR",0
"LT_S63","KDR",0
"LT_S57","KDR",0
"LT_S52","KDR",0
"LT_S55","KDR",0
"LT_S11","KDR",0
"LT_S08","KDR",0
"LT_S78","KDR",0
"LT_S67","KDR",0
"LT_S21","MAP2K1",1
"LT_S34","MAP2K1",0
"LT_S71","MAP2K1",0
"LT_S56","MAP2K1",0
"LT_S16","MAP2K1",0
"LT_S74","MAP2K1",0
"LT_S80","MAP2K1",0
"LT_S79","MAP2K1",0
"LT_S69","MAP2K1",1
"LT_S50","MAP2K1",0
"LT_S47","MAP2K1",0
"LT_S51","MAP2K1",0
"LT_S58","MAP2K1",0
"LT_S75","MAP2K1",0
"LT_S53","MAP2K1",0
"LT_S66","MAP2K1",1
"LT_S07","MAP2K1",0
"LT_S82","MAP2K1",0
"LT_S72","MAP2K1",0
"LT_S49","MAP2K1",0
"LT_S63","MAP2K1",1
"LT_S57","MAP2K1",1
"LT_S52","MAP2K1",0
"LT_S55","MAP2K1",0
"LT_S11","MAP2K1",0
"LT_S08","MAP2K1",0
"LT_S78","MAP2K1",0
"LT_S67","MAP2K1",0
"LT_S21","MAP2K2",1
"LT_S34","MAP2K2",0
"LT_S71","MAP2K2",0
"LT_S56","MAP2K2",1
"LT_S16","MAP2K2",0
"LT_S74","MAP2K2",1
"LT_S80","MAP2K2",0
"LT_S79","MAP2K2",0
"LT_S69","MAP2K2",1
"LT_S50","MAP2K2",1
"LT_S47","MAP2K2",0
"LT_S51","MAP2K2",0
"LT_S58","MAP2K2",1
"LT_S75","MAP2K2",0
"LT_S53","MAP2K2",1
"LT_S66","MAP2K2",0
"LT_S07","MAP2K2",0
"LT_S82","MAP2K2",0
"LT_S72","MAP2K2",0
"LT_S49","MAP2K2",0
"LT_S63","MAP2K2",1
"LT_S57","MAP2K2",1
"LT_S52","MAP2K2",0
"LT_S55","MAP2K2",0
"LT_S11","MAP2K2",0
"LT_S08","MAP2K2",0
"LT_S78","MAP2K2",0
"LT_S67","MAP2K2",0
"LT_S21","MYCL",0
"LT_S34","MYCL",0
"LT_S71","MYCL",0
"LT_S56","MYCL",1
"LT_S16","MYCL",0
"LT_S74","MYCL",0
"LT_S80","MYCL",0
"LT_S79","MYCL",0
"LT_S69","MYCL",0
"LT_S50","MYCL",0
"LT_S47","MYCL",0
"LT_S51","MYCL",0
"LT_S58","MYCL",0
"LT_S75","MYCL",0
"LT_S53","MYCL",0
"LT_S66","MYCL",0
"LT_S07","MYCL",0
"LT_S82","MYCL",0
"LT_S72","MYCL",0
"LT_S49","MYCL",0
"LT_S63","MYCL",0
"LT_S57","MYCL",0
"LT_S52","MYCL",0
"LT_S55","MYCL",0
"LT_S11","MYCL",0
"LT_S08","MYCL",0
"LT_S78","MYCL",0
"LT_S67","MYCL",0
"LT_S21","PIK3CB",0
"LT_S34","PIK3CB",0
"LT_S71","PIK3CB",0
"LT_S56","PIK3CB",0
"LT_S16","PIK3CB",0
"LT_S74","PIK3CB",0
"LT_S80","PIK3CB",0
"LT_S79","PIK3CB",0
"LT_S69","PIK3CB",0
"LT_S50","PIK3CB",0
"LT_S47","PIK3CB",0
"LT_S51","PIK3CB",0
"LT_S58","PIK3CB",0
"LT_S75","PIK3CB",0
"LT_S53","PIK3CB",0
"LT_S66","PIK3CB",1
"LT_S07","PIK3CB",0
"LT_S82","PIK3CB",0
"LT_S72","PIK3CB",0
"LT_S49","PIK3CB",0
"LT_S63","PIK3CB",0
"LT_S57","PIK3CB",0
"LT_S52","PIK3CB",0
"LT_S55","PIK3CB",0
"LT_S11","PIK3CB",0
"LT_S08","PIK3CB",0
"LT_S78","PIK3CB",0
"LT_S67","PIK3CB",0
"LT_S21","SOX2",0
"LT_S34","SOX2",0
"LT_S71","SOX2",0
"LT_S56","SOX2",1
"LT_S16","SOX2",0
"LT_S74","SOX2",0
"LT_S80","SOX2",0
"LT_S79","SOX2",0
"LT_S69","SOX2",0
"LT_S50","SOX2",0
"LT_S47","SOX2",0
"LT_S51","SOX2",0
"LT_S58","SOX2",0
"LT_S75","SOX2",0
"LT_S53","SOX2",0
"LT_S66","SOX2",0
"LT_S07","SOX2",0
"LT_S82","SOX2",0
"LT_S72","SOX2",0
"LT_S49","SOX2",0
"LT_S63","SOX2",0
"LT_S57","SOX2",1
"LT_S52","SOX2",0
"LT_S55","SOX2",0
"LT_S11","SOX2",0
"LT_S08","SOX2",0
"LT_S78","SOX2",0
"LT_S67","SOX2",0
"LT_S21","ERBB2",1
"LT_S34","ERBB2",0
"LT_S71","ERBB2",0
"LT_S56","ERBB2",0
"LT_S16","ERBB2",0
"LT_S74","ERBB2",0
"LT_S80","ERBB2",0
"LT_S79","ERBB2",0
"LT_S69","ERBB2",1
"LT_S50","ERBB2",0
"LT_S47","ERBB2",1
"LT_S51","ERBB2",0
"LT_S58","ERBB2",1
"LT_S75","ERBB2",0
"LT_S53","ERBB2",0
"LT_S66","ERBB2",0
"LT_S07","ERBB2",0
"LT_S82","ERBB2",0
"LT_S72","ERBB2",0
"LT_S49","ERBB2",0
"LT_S63","ERBB2",0
"LT_S57","ERBB2",1
"LT_S52","ERBB2",0
"LT_S55","ERBB2",0
"LT_S11","ERBB2",0
"LT_S08","ERBB2",0
"LT_S78","ERBB2",1
"LT_S67","ERBB2",0
"LT_S21","ERBB4",1
"LT_S34","ERBB4",0
"LT_S71","ERBB4",0
"LT_S56","ERBB4",1
"LT_S16","ERBB4",0
"LT_S74","ERBB4",0
"LT_S80","ERBB4",0
"LT_S79","ERBB4",0
"LT_S69","ERBB4",1
"LT_S50","ERBB4",0
"LT_S47","ERBB4",0
"LT_S51","ERBB4",0
"LT_S58","ERBB4",1
"LT_S75","ERBB4",0
"LT_S53","ERBB4",0
"LT_S66","ERBB4",1
"LT_S07","ERBB4",0
"LT_S82","ERBB4",0
"LT_S72","ERBB4",0
"LT_S49","ERBB4",0
"LT_S63","ERBB4",0
"LT_S57","ERBB4",0
"LT_S52","ERBB4",0
"LT_S55","ERBB4",0
"LT_S11","ERBB4",0
"LT_S08","ERBB4",0
"LT_S78","ERBB4",0
"LT_S67","ERBB4",0
"LT_S21","NFE2L2",1
"LT_S34","NFE2L2",0
"LT_S71","NFE2L2",1
"LT_S56","NFE2L2",1
"LT_S16","NFE2L2",0
"LT_S74","NFE2L2",1
"LT_S80","NFE2L2",0
"LT_S79","NFE2L2",1
"LT_S69","NFE2L2",1
"LT_S50","NFE2L2",1
"LT_S47","NFE2L2",1
"LT_S51","NFE2L2",1
"LT_S58","NFE2L2",1
"LT_S75","NFE2L2",1
"LT_S53","NFE2L2",0
"LT_S66","NFE2L2",1
"LT_S07","NFE2L2",0
"LT_S82","NFE2L2",1
"LT_S72","NFE2L2",0
"LT_S49","NFE2L2",0
"LT_S63","NFE2L2",1
"LT_S57","NFE2L2",1
"LT_S52","NFE2L2",0
"LT_S55","NFE2L2",0
"LT_S11","NFE2L2",1
"LT_S08","NFE2L2",1
"LT_S78","NFE2L2",0
"LT_S67","NFE2L2",1
"LT_S21","NKX21",0
"LT_S34","NKX21",0
"LT_S71","NKX21",1
"LT_S56","NKX21",1
"LT_S16","NKX21",0
"LT_S74","NKX21",1
"LT_S80","NKX21",0
"LT_S79","NKX21",1
"LT_S69","NKX21",1
"LT_S50","NKX21",0
"LT_S47","NKX21",1
"LT_S51","NKX21",1
"LT_S58","NKX21",0
"LT_S75","NKX21",0
"LT_S53","NKX21",0
"LT_S66","NKX21",1
"LT_S07","NKX21",0
"LT_S82","NKX21",0
"LT_S72","NKX21",0
"LT_S49","NKX21",0
"LT_S63","NKX21",0
"LT_S57","NKX21",1
"LT_S52","NKX21",0
"LT_S55","NKX21",0
"LT_S11","NKX21",1
"LT_S08","NKX21",0
"LT_S78","NKX21",0
"LT_S67","NKX21",0
"LT_S21","RAD21",1
"LT_S34","RAD21",0
"LT_S71","RAD21",1
"LT_S56","RAD21",1
"LT_S16","RAD21",0
"LT_S74","RAD21",1
"LT_S80","RAD21",0
"LT_S79","RAD21",0
"LT_S69","RAD21",0
"LT_S50","RAD21",0
"LT_S47","RAD21",0
"LT_S51","RAD21",0
"LT_S58","RAD21",0
"LT_S75","RAD21",0
"LT_S53","RAD21",0
"LT_S66","RAD21",1
"LT_S07","RAD21",0
"LT_S82","RAD21",0
"LT_S72","RAD21",0
"LT_S49","RAD21",0
"LT_S63","RAD21",1
"LT_S57","RAD21",1
"LT_S52","RAD21",1
"LT_S55","RAD21",0
"LT_S11","RAD21",1
"LT_S08","RAD21",0
"LT_S78","RAD21",0
"LT_S67","RAD21",0
"LT_S21","TP63",0
"LT_S34","TP63",0
"LT_S71","TP63",0
"LT_S56","TP63",0
"LT_S16","TP63",0
"LT_S74","TP63",0
"LT_S80","TP63",0
"LT_S79","TP63",0
"LT_S69","TP63",0
"LT_S50","TP63",0
"LT_S47","TP63",0
"LT_S51","TP63",0
"LT_S58","TP63",0
"LT_S75","TP63",1
"LT_S53","TP63",0
"LT_S66","TP63",0
"LT_S07","TP63",0
"LT_S82","TP63",0
"LT_S72","TP63",0
"LT_S49","TP63",0
"LT_S63","TP63",1
"LT_S57","TP63",0
"LT_S52","TP63",0
"LT_S55","TP63",0
"LT_S11","TP63",0
"LT_S08","TP63",0
"LT_S78","TP63",0
"LT_S67","TP63",0
"LT_S21","NOTCH1",1
"LT_S34","NOTCH1",0
"LT_S71","NOTCH1",0
"LT_S56","NOTCH1",0
"LT_S16","NOTCH1",0
"LT_S74","NOTCH1",0
"LT_S80","NOTCH1",0
"LT_S79","NOTCH1",0
"LT_S69","NOTCH1",0
"LT_S50","NOTCH1",0
"LT_S47","NOTCH1",0
"LT_S51","NOTCH1",0
"LT_S58","NOTCH1",0
"LT_S75","NOTCH1",1
"LT_S53","NOTCH1",0
"LT_S66","NOTCH1",1
"LT_S07","NOTCH1",0
"LT_S82","NOTCH1",0
"LT_S72","NOTCH1",0
"LT_S49","NOTCH1",0
"LT_S63","NOTCH1",1
"LT_S57","NOTCH1",0
"LT_S52","NOTCH1",0
"LT_S55","NOTCH1",0
"LT_S11","NOTCH1",0
"LT_S08","NOTCH1",0
"LT_S78","NOTCH1",0
"LT_S67","NOTCH1",0
"LT_S21","TP53",1
"LT_S34","TP53",0
"LT_S71","TP53",1
"LT_S56","TP53",1
"LT_S16","TP53",0
"LT_S74","TP53",1
"LT_S80","TP53",0
"LT_S79","TP53",1
"LT_S69","TP53",1
"LT_S50","TP53",1
"LT_S47","TP53",1
"LT_S51","TP53",0
"LT_S58","TP53",1
"LT_S75","TP53",1
"LT_S53","TP53",1
"LT_S66","TP53",1
"LT_S07","TP53",0
"LT_S82","TP53",1
"LT_S72","TP53",0
"LT_S49","TP53",0
"LT_S63","TP53",1
"LT_S57","TP53",1
"LT_S52","TP53",0
"LT_S55","TP53",0
"LT_S11","TP53",1
"LT_S08","TP53",1
"LT_S78","TP53",0
"LT_S67","TP53",0
"LT_S21","BAP1",0
"LT_S34","BAP1",0
"LT_S71","BAP1",0
"LT_S56","BAP1",0
"LT_S16","BAP1",0
"LT_S74","BAP1",0
"LT_S80","BAP1",0
"LT_S79","BAP1",0
"LT_S69","BAP1",0
"LT_S50","BAP1",0
"LT_S47","BAP1",0
"LT_S51","BAP1",0
"LT_S58","BAP1",0
"LT_S75","BAP1",1
"LT_S53","BAP1",0
"LT_S66","BAP1",0
"LT_S07","BAP1",0
"LT_S82","BAP1",0
"LT_S72","BAP1",0
"LT_S49","BAP1",0
"LT_S63","BAP1",0
"LT_S57","BAP1",0
"LT_S52","BAP1",0
"LT_S55","BAP1",0
"LT_S11","BAP1",0
"LT_S08","BAP1",0
"LT_S78","BAP1",0
"LT_S67","BAP1",0
"LT_S21","DROSHA",1
"LT_S34","DROSHA",0
"LT_S71","DROSHA",0
"LT_S56","DROSHA",0
"LT_S16","DROSHA",0
"LT_S74","DROSHA",1
"LT_S80","DROSHA",0
"LT_S79","DROSHA",0
"LT_S69","DROSHA",1
"LT_S50","DROSHA",1
"LT_S47","DROSHA",0
"LT_S51","DROSHA",0
"LT_S58","DROSHA",1
"LT_S75","DROSHA",0
"LT_S53","DROSHA",1
"LT_S66","DROSHA",0
"LT_S07","DROSHA",0
"LT_S82","DROSHA",0
"LT_S72","DROSHA",0
"LT_S49","DROSHA",0
"LT_S63","DROSHA",0
"LT_S57","DROSHA",0
"LT_S52","DROSHA",0
"LT_S55","DROSHA",0
"LT_S11","DROSHA",1
"LT_S08","DROSHA",0
"LT_S78","DROSHA",0
"LT_S67","DROSHA",0
"LT_S21","KEAP1",1
"LT_S34","KEAP1",0
"LT_S71","KEAP1",1
"LT_S56","KEAP1",1
"LT_S16","KEAP1",0
"LT_S74","KEAP1",1
"LT_S80","KEAP1",1
"LT_S79","KEAP1",1
"LT_S69","KEAP1",1
"LT_S50","KEAP1",1
"LT_S47","KEAP1",1
"LT_S51","KEAP1",0
"LT_S58","KEAP1",1
"LT_S75","KEAP1",1
"LT_S53","KEAP1",1
"LT_S66","KEAP1",1
"LT_S07","KEAP1",0
"LT_S82","KEAP1",0
"LT_S72","KEAP1",1
"LT_S49","KEAP1",1
"LT_S63","KEAP1",1
"LT_S57","KEAP1",1
"LT_S52","KEAP1",1
"LT_S55","KEAP1",1
"LT_S11","KEAP1",1
"LT_S08","KEAP1",1
"LT_S78","KEAP1",0
"LT_S67","KEAP1",0
"LT_S21","PTPN13",1
"LT_S34","PTPN13",0
"LT_S71","PTPN13",0
"LT_S56","PTPN13",0
"LT_S16","PTPN13",0
"LT_S74","PTPN13",0
"LT_S80","PTPN13",0
"LT_S79","PTPN13",0
"LT_S69","PTPN13",0
"LT_S50","PTPN13",0
"LT_S47","PTPN13",0
"LT_S51","PTPN13",0
"LT_S58","PTPN13",0
"LT_S75","PTPN13",0
"LT_S53","PTPN13",0
"LT_S66","PTPN13",1
"LT_S07","PTPN13",0
"LT_S82","PTPN13",0
"LT_S72","PTPN13",0
"LT_S49","PTPN13",0
"LT_S63","PTPN13",1
"LT_S57","PTPN13",1
"LT_S52","PTPN13",0
"LT_S55","PTPN13",0
"LT_S11","PTPN13",0
"LT_S08","PTPN13",0
"LT_S78","PTPN13",0
"LT_S67","PTPN13",0
"LT_S21","PTPRT",0
"LT_S34","PTPRT",0
"LT_S71","PTPRT",0
"LT_S56","PTPRT",1
"LT_S16","PTPRT",0
"LT_S74","PTPRT",0
"LT_S80","PTPRT",0
"LT_S79","PTPRT",1
"LT_S69","PTPRT",0
"LT_S50","PTPRT",0
"LT_S47","PTPRT",0
"LT_S51","PTPRT",0
"LT_S58","PTPRT",0
"LT_S75","PTPRT",0
"LT_S53","PTPRT",0
"LT_S66","PTPRT",1
"LT_S07","PTPRT",0
"LT_S82","PTPRT",0
"LT_S72","PTPRT",0
"LT_S49","PTPRT",0
"LT_S63","PTPRT",0
"LT_S57","PTPRT",0
"LT_S52","PTPRT",0
"LT_S55","PTPRT",0
"LT_S11","PTPRT",0
"LT_S08","PTPRT",0
"LT_S78","PTPRT",0
"LT_S67","PTPRT",0
"LT_S21","RB1",0
"LT_S34","RB1",0
"LT_S71","RB1",0
"LT_S56","RB1",1
"LT_S16","RB1",0
"LT_S74","RB1",0
"LT_S80","RB1",0
"LT_S79","RB1",0
"LT_S69","RB1",0
"LT_S50","RB1",0
"LT_S47","RB1",1
"LT_S51","RB1",0
"LT_S58","RB1",1
"LT_S75","RB1",0
"LT_S53","RB1",0
"LT_S66","RB1",1
"LT_S07","RB1",0
"LT_S82","RB1",0
"LT_S72","RB1",0
"LT_S49","RB1",0
"LT_S63","RB1",1
"LT_S57","RB1",0
"LT_S52","RB1",0
"LT_S55","RB1",0
"LT_S11","RB1",0
"LT_S08","RB1",0
"LT_S78","RB1",0
"LT_S67","RB1",0
"LT_S21","SMARCA4",1
"LT_S34","SMARCA4",0
"LT_S71","SMARCA4",1
"LT_S56","SMARCA4",1
"LT_S16","SMARCA4",1
"LT_S74","SMARCA4",1
"LT_S80","SMARCA4",1
"LT_S79","SMARCA4",1
"LT_S69","SMARCA4",1
"LT_S50","SMARCA4",0
"LT_S47","SMARCA4",1
"LT_S51","SMARCA4",0
"LT_S58","SMARCA4",1
"LT_S75","SMARCA4",1
"LT_S53","SMARCA4",1
"LT_S66","SMARCA4",1
"LT_S07","SMARCA4",0
"LT_S82","SMARCA4",1
"LT_S72","SMARCA4",0
"LT_S49","SMARCA4",1
"LT_S63","SMARCA4",1
"LT_S57","SMARCA4",1
"LT_S52","SMARCA4",1
"LT_S55","SMARCA4",0
"LT_S11","SMARCA4",1
"LT_S08","SMARCA4",0
"LT_S78","SMARCA4",0
"LT_S67","SMARCA4",0
"LT_S21","STK11",1
"LT_S34","STK11",0
"LT_S71","STK11",1
"LT_S56","STK11",1
"LT_S16","STK11",0
"LT_S74","STK11",1
"LT_S80","STK11",0
"LT_S79","STK11",0
"LT_S69","STK11",1
"LT_S50","STK11",0
"LT_S47","STK11",1
"LT_S51","STK11",0
"LT_S58","STK11",1
"LT_S75","STK11",1
"LT_S53","STK11",1
"LT_S66","STK11",1
"LT_S07","STK11",0
"LT_S82","STK11",1
"LT_S72","STK11",0
"LT_S49","STK11",0
"LT_S63","STK11",1
"LT_S57","STK11",0
"LT_S52","STK11",0
"LT_S55","STK11",0
"LT_S11","STK11",1
"LT_S08","STK11",0
"LT_S78","STK11",0
"LT_S67","STK11",0
